YouTube ID, start seconds, label, train/test split
-1QUpHlvDM4,0,chicken crowing,train
-26kjr5MxSI,0,chicken clucking,train
-3ihfHTdJSI,110,chicken crowing,train
-405Ksmbra8,19,chicken clucking,train
-A3cOSeUcLM,30,chicken crowing,train
-D3xojFH4Us,10,chicken clucking,train
-DR4c2yfNLY,20,chicken clucking,train
-F8f2UKJSSE,40,chicken crowing,train
-FLEmLBKkNg,10,chicken crowing,train
-FgIPY7IO8k,15,chicken crowing,train
-Glsd1Kxlvg,30,chicken crowing,train
-HxQ9AoyRmY,30,chicken clucking,train
-JJmkQYZA-4,20,chicken crowing,test
-JflnolHaIw,60,chicken crowing,train
-U3oyhpebSs,50,chicken crowing,train
-eEwPklE5Ro,0,chicken clucking,train
-fjZl2oKZMc,32,chicken clucking,train
-gp5kXfvW5I,340,chicken crowing,train
-liObUHIFrs,30,chicken crowing,train
-pLNYFSIves,30,chicken crowing,train
-raITF50hN0,180,chicken crowing,train
-uvVa3z00rw,10,chicken crowing,train
00SPuXJ0ri0,77,chicken crowing,train
02UahUjIv5A,24,chicken crowing,train
07tE4aqjZuE,30,chicken crowing,train
0C0ep4Z_FpU,30,chicken clucking,train
0E5iHTLtYWg,26,chicken crowing,train
0F0YvdKcUu0,40,chicken crowing,train
0F0YvdKcUu0,60,chicken crowing,train
0G0tdsD5MFo,300,chicken crowing,train
0GHQO8k2htg,0,chicken crowing,train
0LcEgY3DouU,140,chicken clucking,train
0OyYHsYnpPw,20,chicken clucking,train
0RKgmvzhBA4,40,chicken clucking,test
0Rpw7o2B0UQ,2,chicken crowing,train
0TBt0al3ITY,30,chicken crowing,train
0U6ebFYFPjk,30,chicken crowing,train
0YLUmiMFWx4,19,chicken crowing,train
0_I6B2Z0rE4,54,chicken crowing,train
0b568XeApIs,90,chicken clucking,train
0b5pY41n1XI,3,chicken crowing,train
0b5pY41n1XI,54,chicken crowing,train
0c3075b7TJU,30,chicken crowing,train
0ddWYr_zQ1E,380,chicken crowing,train
0fL9V_y32aA,19,chicken crowing,train
0jCTBa8cSKc,30,chicken clucking,train
0qlT_eblMAU,80,chicken crowing,train
0s1uXHl5_8k,30,chicken crowing,train
0upP8cF_LY0,17,chicken crowing,train
1-T4A6yQDE0,67,chicken crowing,train
11ruZHgyTKM,30,chicken crowing,test
13k8j37ktV4,40,chicken clucking,train
14XML4NbS38,5,chicken crowing,test
16iyjFCwta4,30,chicken clucking,train
17L2VkXtcQ0,30,chicken crowing,test
19U_xEyytHI,30,chicken clucking,train
1DWjMcOqmLo,46,chicken clucking,train
1MDP9gGy2y8,0,chicken crowing,train
1R9oQMMFc24,18,chicken clucking,train
1TKMjjF35Nc,40,chicken clucking,train
1Vs2oGm_EMg,30,chicken clucking,train
1X7xYiJBaow,260,chicken crowing,train
1YVymi9pLWU,131,chicken clucking,train
1YVymi9pLWU,144,chicken clucking,train
1YYHuxqOkIk,0,chicken clucking,train
1ZLGngES_lA,189,chicken clucking,train
1aEXbyHB3_k,30,chicken clucking,train
1ba6bDbh3_E,70,chicken clucking,train
1emMgdbf-L4,1,chicken crowing,train
1gK3BmmR_GE,10,chicken crowing,train
1hR4B6xey_0,0,chicken crowing,train
1hlPvLZt9J0,5,chicken crowing,train
1izz9P5QU6k,50,chicken crowing,train
1mzgOInYKDc,30,chicken clucking,train
1nINoMsSqUY,66,chicken clucking,train
1nINoMsSqUY,122,chicken clucking,train
1qbJxEdgEZs,54,chicken clucking,test
1rmx0mnsGwA,22,chicken crowing,train
1uP4HHlb6EI,0,chicken crowing,train
1udpeTlsy8Q,30,chicken clucking,train
1yGhCQUn7GU,10,chicken crowing,train
205kuk11C70,10,chicken crowing,train
20si1MxpHO8,160,chicken clucking,train
20xaD0Tzi2M,0,chicken crowing,train
22Eih59Xsgc,30,chicken clucking,train
231-4GOUaDQ,14,chicken crowing,train
24zIS8V8GvM,10,chicken crowing,train
272KiALPCzM,23,chicken crowing,train
27SRFmETQSU,80,chicken crowing,train
27wIu9FCMJQ,27,chicken crowing,train
2Fbt9QiLWWc,370,chicken clucking,test
2NSwEQdx8sM,30,chicken crowing,train
2OLXoKxJ1qg,30,chicken crowing,train
2PmVDfbqGmE,110,chicken clucking,train
2UGCVA6U4Lc,130,chicken crowing,train
2Vb0HX5P7gM,1,chicken crowing,train
2bVaT-vgZo4,52,chicken crowing,train
2baznhAyEsg,14,chicken crowing,train
2cgbCHAx5iM,30,chicken clucking,train
2dNpVU8CouE,30,chicken clucking,train
2ew_E4ivlC8,130,chicken clucking,train
2flwkjD4mPQ,31,chicken crowing,train
2lYHMjI3JAM,10,chicken clucking,train
2ngbRYHDfWY,25,chicken crowing,train
2o8qU45AuBg,150,chicken crowing,train
2pzZbll4J14,57,chicken crowing,train
2qVII2EZbF4,0,chicken clucking,train
2rV3x4vpi8g,50,chicken crowing,train
2yUkySlo0nE,200,chicken crowing,train
2yizo9_ZWyw,4,chicken clucking,train
2zev5MpJKPc,39,chicken clucking,train
2zev5MpJKPc,78,chicken clucking,train
30_CZ7xuI3M,19,chicken crowing,train
30_CZ7xuI3M,93,chicken crowing,train
33ppVmWuTSg,74,chicken crowing,train
354tEt_H0iY,280,chicken crowing,train
35SC81RF7S4,30,chicken clucking,train
38NMNxUSg4E,270,chicken crowing,train
38k6OKJN4Zk,12,chicken crowing,train
38k6OKJN4Zk,44,chicken crowing,train
3EE5WKQMBek,30,chicken crowing,test
3G3zJM0y638,30,chicken clucking,train
3GsN3KGKatQ,0,chicken clucking,train
3JJA7x6WQVc,160,chicken crowing,train
3LGrXpfCezg,30,chicken clucking,train
3N8VP1Z1zlo,20,chicken crowing,train
3O3fI8PU7AQ,186,chicken crowing,train
3RkoH7aOS7Y,30,chicken clucking,train
3V-q5MJSzAk,30,chicken clucking,test
3VH_UFFp9Gg,30,chicken clucking,train
3Wz_zCrc-3Q,20,chicken crowing,train
3YdUImrSQmI,30,chicken crowing,train
3Ye3T5DYLSM,0,chicken crowing,train
3btzWEe05Zg,11,chicken clucking,train
3ekbMT8R8qQ,5,chicken crowing,train
3fhjmikJbN4,30,chicken clucking,train
3fywowLBY4s,38,chicken clucking,train
3fywowLBY4s,75,chicken clucking,train
3jZrxnh42ZA,20,chicken crowing,train
3ktBJ6qlhIM,4,chicken crowing,train
3lOfIG1h-Zw,30,chicken clucking,train
3pVA-QGwVco,30,chicken crowing,train
3tRW3oOxusU,30,chicken clucking,train
3ucKHluSGCU,30,chicken clucking,train
3unHRC-sZU8,190,chicken crowing,train
45i1hZfUQhk,30,chicken clucking,train
46zbt7TQHRs,0,chicken crowing,test
47zF-yIPoTo,0,chicken crowing,train
49hqgCiJ44w,50,chicken crowing,train
4B5oNZxGQjQ,3,chicken crowing,train
4CVdbEcEaJk,10,chicken crowing,train
4EE7yYYcnho,20,chicken clucking,train
4HR95ew2V34,2,chicken clucking,train
4HR95ew2V34,52,chicken clucking,train
4IFl3EnMxxI,91,chicken crowing,train
4J79-x4eUDs,15,chicken clucking,train
4JdWCxoLFOA,0,chicken clucking,train
4JyAaW9BKLA,40,chicken clucking,train
4Kbj5xnJlUU,0,chicken crowing,train
4N54GWAqSag,20,chicken clucking,train
4SlSeLr2Zw8,9,chicken crowing,train
4T48YQKTcBY,30,chicken clucking,train
4UUbBtYLt0s,400,chicken crowing,train
4UUnUOeeaFQ,60,chicken clucking,train
4UYE2RXZXXE,10,chicken crowing,train
4WGJEeXdJK0,30,chicken crowing,train
4Ztwb4nYEwA,30,chicken crowing,train
4eRPBeJ7tlY,0,chicken crowing,train
4jDqaqqvLVQ,30,chicken crowing,test
4sodha2P-c4,7,chicken crowing,train
4sodha2P-c4,27,chicken crowing,train
4uVzgXlMLzo,80,chicken crowing,train
4ursgQETEJQ,20,chicken crowing,train
4uucOhaW5ow,30,chicken clucking,train
4wWhFeGW7Q0,30,chicken clucking,train
5-FM0mCYups,3,chicken crowing,train
5-SAIt0_Ji0,4,chicken crowing,train
53JV0FqhqTY,3,chicken crowing,train
55b4KDqVhx0,30,chicken crowing,train
56iMVyneo_I,120,chicken crowing,train
57MxzaeXRGo,4,chicken clucking,train
5AQeLzD8Dhk,0,chicken crowing,train
5AQeLzD8Dhk,8,chicken crowing,train
5B7vDvZSEdw,19,chicken crowing,train
5DNTf5cZUHM,24,chicken clucking,train
5EontevWcfQ,30,chicken clucking,test
5FMsQx1TtFg,30,chicken clucking,train
5JfTXIVk6BM,250,chicken clucking,train
5KWLCfZ0wKs,0,chicken clucking,train
5MZdao1S_3Y,20,chicken crowing,train
5O4gktY7RKE,180,chicken crowing,train
5RcqrYtpqYU,135,chicken crowing,train
5V30hLo1JRc,0,chicken clucking,train
5X0rx4_6syQ,10,chicken clucking,train
5X_XVJ02H2U,100,chicken clucking,train
5XhVzviHgMI,30,chicken crowing,train
5ZEmreAVhwI,280,chicken clucking,train
5_6B7ideqbk,18,chicken clucking,train
5_x_PX1WUxI,30,chicken clucking,train
5bjUJxDdUnE,220,chicken crowing,train
5dky7-lEgAE,3,chicken crowing,train
5g8e1PDfWIs,60,chicken crowing,train
5j4leo9RP6g,24,chicken clucking,train
5j4leo9RP6g,35,chicken clucking,train
5jRHJtBf9mI,2,chicken crowing,train
5kRCajShZwg,20,chicken clucking,train
5oaWb-QV0jo,15,chicken crowing,train
5rhXcyUqjLY,30,chicken clucking,train
5s340k9Hbfg,99,chicken crowing,train
5vvINhReuXk,50,chicken crowing,train
5wSBsaL4t-4,50,chicken clucking,train
5yJ6L5GszsM,10,chicken crowing,train
6-Lmux2v2g4,0,chicken crowing,train
636KEGs1EIc,120,chicken crowing,train
65AzbQEMs-o,30,chicken clucking,train
67usg41NhNw,4,chicken crowing,train
68QMC4wYnQQ,65,chicken crowing,train
68hapDEQEj0,480,chicken clucking,test
69gaY3dCWoI,50,chicken crowing,train
6BdoMhUtcPQ,30,chicken crowing,train
6Epq_a0GdmQ,8,chicken clucking,train
6GP7vMyZ6tc,0,chicken clucking,train
6JjiUUcl7Ms,25,chicken crowing,train
6JjiUUcl7Ms,46,chicken crowing,train
6OFDugcFz6o,22,chicken crowing,train
6SOCAZFaP2g,33,chicken crowing,train
6Y5Ad3Mg068,18,chicken clucking,test
6bWaHsoPxAM,10,chicken crowing,train
6dcZ3e9MwbQ,29,chicken crowing,train
6iwE6_Q7Mi8,166,chicken clucking,test
6jLQ217JnSo,29,chicken clucking,train
6jLQ217JnSo,148,chicken clucking,train
6jeKcfkacNA,15,chicken crowing,train
6jeKcfkacNA,27,chicken crowing,train
6jsrzHghu3s,0,chicken crowing,train
6kNyKHHbQUQ,30,chicken crowing,train
6uP4ywRnVrY,40,chicken clucking,train
6vfrTvRKSvg,40,chicken crowing,train
6yAEiN45E8A,6,chicken crowing,train
6zQYJpQ-zg8,18,chicken clucking,train
6zW4BGEx0Bw,40,chicken clucking,train
6zWVhxZnmtI,90,chicken crowing,train
70EYv6ihyhQ,30,chicken crowing,train
70EYv6ihyhQ,101,chicken crowing,train
77Dm9qS1Hc0,30,chicken crowing,train
78fORoH4-oc,16,chicken clucking,train
7CG6OnrFi0Y,10,chicken crowing,train
7CdQ8DUGONE,0,chicken clucking,train
7EgbS-lbHWY,5,chicken clucking,test
7FP7bVQRbjs,7,chicken crowing,train
7G9-t2zPJV4,30,chicken clucking,train
7M3PLcPWgaw,110,chicken clucking,train
7RyBRczgJK4,260,chicken crowing,test
7SpiuYESP6A,30,chicken crowing,train
7Uave2EhDu0,30,chicken crowing,train
7XhxrKoxHgE,50,chicken crowing,train
7fH-CZBkT6I,80,chicken crowing,train
7fVLA8Mi1-s,30,chicken crowing,train
7iZ2doz_QqI,30,chicken clucking,train
7l_TPfOhh5c,570,chicken crowing,test
7nZlimGroS8,60,chicken crowing,train
7ov-tF6DVf0,48,chicken crowing,train
7sp6XEVXoJI,30,chicken crowing,train
7t5UDD12JVk,89,chicken crowing,train
7w6IAwf_1qE,140,chicken clucking,train
7yfb05iMdkg,30,chicken clucking,train
859SgfaTm8E,30,chicken clucking,train
87ePtLan6jg,30,chicken crowing,train
8BHqq1oKvs8,19,chicken clucking,train
8BqS-aSYZts,4,chicken clucking,train
8Cb5bP6Uino,100,chicken crowing,train
8DJLjktTvCs,60,chicken crowing,train
8DKdz6E8W-E,51,chicken clucking,test
8EOIYAQ-i9w,240,chicken clucking,train
8KXJ1j_x-Cg,15,chicken clucking,train
8KoSC-C85DQ,20,chicken crowing,train
8SNgE7ELHpw,40,chicken clucking,train
8SsqNY0_dHM,1,chicken crowing,train
8SsqNY0_dHM,24,chicken crowing,train
8YMqZlZl8YA,100,chicken clucking,train
8Z1zTpHRnPg,90,chicken crowing,train
8eschnsDe4g,10,chicken crowing,train
8ljTWqTa-4o,3,chicken crowing,train
8ljTWqTa-4o,6,chicken crowing,train
8wUh0JvRYoA,24,chicken clucking,train
93VnfdBgn1M,21,chicken clucking,train
93VnfdBgn1M,50,chicken clucking,train
94JF7tBHkvI,50,chicken crowing,train
94PSD94IXXk,16,chicken clucking,test
96WjhXdNfU8,30,chicken crowing,train
97pEn5VJdlg,10,chicken clucking,train
9BIwq_m_J6k,90,chicken clucking,train
9EoNlyOAkYo,12,chicken clucking,train
9IcDNyVWd1U,150,chicken crowing,train
9P15Ns-BDs8,12,chicken crowing,train
9SXyXP62hgk,60,chicken crowing,train
9U4iFcchO6g,34,chicken crowing,train
9UZ-ZemHV1w,6,chicken clucking,train
9YI1MOznR3Q,130,chicken clucking,train
9_RFBfT_sFs,30,chicken clucking,train
9aYuW7ByULM,30,chicken clucking,train
9dJ2HNnCna4,30,chicken crowing,train
9db_3io8-fE,48,chicken crowing,train
9db_3io8-fE,108,chicken crowing,train
9j3QuUqaOmw,130,chicken crowing,train
9moN8mAlu7w,0,chicken crowing,train
9oDV13Gm37A,40,chicken clucking,train
9pfZ4sXXsE4,330,chicken crowing,test
9rejJoJlEmc,30,chicken crowing,train
9wMeb3Q-IiQ,30,chicken crowing,test
9z0g3J4EMhA,23,chicken clucking,train
9z0g3J4EMhA,40,chicken clucking,train
A2I33ozei1k,30,chicken crowing,train
A43JOxLa5MM,23,chicken clucking,test
A5-rcriW6_4,0,chicken crowing,train
A58nnmnhfUo,1,chicken crowing,test
A6GuZLAVqbI,9,chicken crowing,train
A6GuZLAVqbI,110,chicken crowing,train
AAOSTDhX0LQ,9,chicken clucking,train
ADoQlPVF4XU,27,chicken clucking,train
AEHqRHE0qd4,17,chicken clucking,train
AFzAVij-69o,130,chicken crowing,train
AGC68JUEtAY,30,chicken crowing,train
ANJmE3SlDMQ,30,chicken clucking,train
ANjYA_ok2hI,9,chicken crowing,train
AORRjClSmfw,26,chicken crowing,train
AOSVHoRTyC4,30,chicken crowing,train
AP1ROyZfWOY,28,chicken clucking,train
APoohNMTR1U,20,chicken crowing,train
ARFBC4LeCFY,8,chicken clucking,train
ARFBC4LeCFY,19,chicken clucking,train
AUG9XJrYopM,0,chicken crowing,train
AUfDTp6ADrk,70,chicken crowing,train
AWcZq1PRcII,20,chicken crowing,test
AYGWs42G2UQ,10,chicken crowing,train
AYRIUoPVlKo,40,chicken crowing,train
AZyjf5yVOiM,10,chicken crowing,train
AblG9fJPedM,25,chicken crowing,train
Acae0JmPDjs,30,chicken clucking,train
Acf0CB_SAAo,30,chicken crowing,train
AdGuhQxBuqE,17,chicken crowing,train
AenD2B1PR5Q,30,chicken clucking,train
AfgsKOrC4-o,27,chicken crowing,train
Ag29me9uh7A,30,chicken clucking,train
AghWiXgu2cY,14,chicken clucking,train
AghWiXgu2cY,26,chicken clucking,train
Ah204gfnevk,10,chicken crowing,train
Al0WQfEUdYI,50,chicken crowing,train
Al_MtuxxQmY,260,chicken clucking,train
AmLZJvMO2Xw,18,chicken crowing,train
Aq-be7Y_yyY,4,chicken clucking,train
Aq-be7Y_yyY,16,chicken clucking,train
AvvfLsi0u6o,30,chicken clucking,train
B-5-z_JPHM0,200,chicken crowing,train
B0vGyJRUfkU,6,chicken crowing,train
B2P716WAO4o,0,chicken crowing,train
B7vD2xVea9Y,19,chicken clucking,train
B9ZQfpwK--8,50,chicken crowing,train
BAkom0RQ_sk,40,chicken clucking,train
BBPI-CSQQpY,30,chicken crowing,train
BDMv6AOI5jY,175,chicken crowing,train
BDMv6AOI5jY,190,chicken crowing,train
BE66p64LLJ4,20,chicken crowing,train
BGR10BFJO30,0,chicken clucking,train
BHtGtRljQVY,0,chicken crowing,train
BIlRBML107k,40,chicken crowing,train
BJlpvO8avgg,30,chicken clucking,train
BKrqdPojk84,8,chicken clucking,train
BLwFJa6lb4E,433,chicken crowing,train
BLwFJa6lb4E,473,chicken crowing,train
BT7h7bpL0wE,30,chicken clucking,train
BTU7dvn_6Lg,70,chicken crowing,train
BTnTqJ-m_Io,50,chicken crowing,test
BTyJwmhemdY,110,chicken clucking,train
BVULkBvvSJY,30,chicken clucking,train
BVwvRFT7oY8,16,chicken clucking,train
BVwvRFT7oY8,43,chicken clucking,train
BX4KBt-kfl4,2,chicken crowing,train
BZ7dIiE97Dw,60,chicken clucking,train
Bci6NPvTyHI,12,chicken clucking,train
BdSlfA8QyH0,82,chicken crowing,train
BeVKpQQGhyg,78,chicken crowing,train
BeVKpQQGhyg,92,chicken crowing,train
BhEUAdt9olo,0,chicken crowing,train
BkuvyOLDYzc,21,chicken clucking,train
BleBqimXGdw,12,chicken crowing,train
BpqPYZfCpLw,283,chicken crowing,train
BuMujA8EpBo,10,chicken crowing,train
BuR-aZw2ydk,11,chicken clucking,train
BuR-aZw2ydk,22,chicken clucking,train
ByUW9TzdmUg,30,chicken clucking,train
C16vwqj-SUY,30,chicken clucking,train
C5Ge3-VJ3kk,30,chicken clucking,train
C7T-tQP0azM,0,chicken clucking,train
C7T-tQP0azM,10,chicken clucking,train
C8Ol76UPSNE,30,chicken clucking,train
CCPBPaLRc0E,100,chicken crowing,train
CD74Q7T4rjg,0,chicken clucking,train
CGEBxfiJ9yI,60,chicken clucking,train
CGPeGTAwzbk,18,chicken crowing,train
CGPeGTAwzbk,30,chicken crowing,train
CGfZijTJ77M,30,chicken clucking,train
CMzyWdYklFs,160,chicken clucking,train
CPVSpl2eqRc,220,chicken crowing,train
CP_HmscGchg,340,chicken clucking,train
CRAgkesZIQY,30,chicken clucking,train
CScQCxNACyc,130,chicken crowing,test
CTJAqGAoFiI,20,chicken crowing,train
CTVyvfZfJJg,7,chicken crowing,train
CTVyvfZfJJg,30,chicken crowing,train
CU72qSlceqM,30,chicken crowing,test
CX-gGuT3iEs,230,chicken crowing,test
CZ5TAtK89sk,20,chicken clucking,train
C_hoX170mSM,0,chicken crowing,train
CaVKxKmFvEk,60,chicken crowing,train
CbBVBaDjedg,21,chicken crowing,train
CbBVBaDjedg,55,chicken crowing,train
Cg_I1pc51kg,70,chicken crowing,train
ChBwdyjZAJI,30,chicken crowing,test
CqI98TCsUZw,40,chicken crowing,train
CqUGHmX_mKk,120,chicken clucking,train
CsqoaGRJhfM,30,chicken crowing,test
CtoshZDIKBY,30,chicken crowing,train
Cvrg-Es2dNY,30,chicken clucking,train
CxFbu9k-3fc,30,chicken clucking,train
CxJBCYk7pa8,160,chicken clucking,train
DCpt--jHKH0,38,chicken crowing,train
DGkbdMdDwto,50,chicken crowing,train
DHRHQbuBiz4,20,chicken crowing,train
DIl050cgX_U,30,chicken crowing,train
DLpmZEm6WHA,30,chicken crowing,train
DMc_Y0x1zSM,16,chicken crowing,train
DPuPLIDOIA4,30,chicken crowing,train
DQ8tagAN5EI,180,chicken clucking,train
DSW2P4qw8cs,20,chicken crowing,train
DWLDZepu4jw,140,chicken clucking,train
DZIlOv4_g3M,30,chicken clucking,train
DZy6Q_kPeHE,140,chicken crowing,train
DbGb-gpMYW4,30,chicken crowing,train
DfwyE-GVrdw,30,chicken crowing,train
DkJ6OScQshI,0,chicken crowing,test
DmdusrdqFSM,60,chicken crowing,train
Do3SdWSw7M8,68,chicken crowing,train
DwnuLja0e84,10,chicken clucking,train
DzF--NedkqY,170,chicken crowing,train
DzlPouM83Io,102,chicken crowing,train
E5nZBO7ZsQM,30,chicken crowing,train
E7XZHzzeNQ0,0,chicken crowing,train
E8xkE1dyEX8,30,chicken crowing,train
ECVzhzOC5Q0,30,chicken clucking,test
EDbzmrDb87g,1,chicken crowing,train
EDbzmrDb87g,20,chicken crowing,train
EHTQf4O5e_M,24,chicken crowing,train
EMAArbPyHEo,30,chicken crowing,train
ENSMDHYewy4,30,chicken crowing,train
EQmPGxcKU80,25,chicken clucking,train
EW3bHmI_ghU,14,chicken clucking,train
EW3bHmI_ghU,24,chicken clucking,train
EbCO9hOV5R0,50,chicken crowing,train
Ef4-1jEKNP4,19,chicken crowing,train
Ef4-1jEKNP4,32,chicken crowing,train
EfZ-NpbDgeI,296,chicken crowing,train
Efr7amskTaI,1,chicken clucking,train
Efr7amskTaI,11,chicken clucking,train
EgDFaMOJ8fA,210,chicken crowing,train
EihLEqOI2vU,30,chicken clucking,train
EjXxbhf3-fo,30,chicken clucking,train
EnIsRY9QbaE,20,chicken clucking,train
EngtuDF_jaU,40,chicken crowing,train
Eonjv8Rq3AM,13,chicken clucking,train
EqBdyk1K2m8,40,chicken clucking,train
EqmDXDfcI1s,50,chicken crowing,train
Eqmq5iMK6nU,40,chicken crowing,train
ErOVOOJ48_I,30,chicken crowing,train
EuEVsI7vGLQ,30,chicken crowing,train
EyTj5tVZp4k,20,chicken clucking,train
Ey_OWYntD6E,25,chicken crowing,train
EzJRypMUfgE,20,chicken crowing,train
EzQBMLdh7sw,130,chicken clucking,train
F-M31XMaHkw,30,chicken crowing,train
F00_PwWDMZc,15,chicken clucking,train
F0xVOG1Jx3M,20,chicken crowing,train
F0xntO9MIHw,5,chicken crowing,train
F1R5ySZr45A,20,chicken crowing,train
F2I3uJhZp68,60,chicken crowing,train
F2yvXHbr1Us,30,chicken crowing,train
F3KjVp2lZio,190,chicken crowing,train
F3Xsn0zzvKI,30,chicken clucking,train
F3t3NRFYM_Q,10,chicken crowing,train
F4Ae_wBA5CM,30,chicken crowing,train
F9HmDeEcQZ4,30,chicken crowing,train
FC_UVoKEGAI,30,chicken crowing,train
FDDc8Oxwjbk,50,chicken crowing,train
FDd4D1B66JE,80,chicken crowing,train
FDuwQNuGUmc,20,chicken crowing,train
FEwjoXDrwnw,11,chicken crowing,train
FJJ5f8_pf8I,30,chicken clucking,train
FNCJFdB8gtM,29,chicken clucking,train
FNCJFdB8gtM,39,chicken clucking,train
FNFgjJ00J9w,30,chicken crowing,test
FPDsx70WKPQ,130,chicken crowing,train
FUiAOhrm63E,15,chicken crowing,train
FY26Fi2IA8s,210,chicken crowing,train
FZBsmJLkKrA,30,chicken clucking,train
Fe_HtA5zw9U,12,chicken crowing,train
FgIyb3SNyIw,30,chicken clucking,train
FjlqZTbpj5M,22,chicken crowing,train
Fk8r9OnqyTs,10,chicken clucking,train
Fk8r9OnqyTs,21,chicken clucking,train
Fl0yc47JSWM,25,chicken clucking,test
Fn2QiwScSDs,10,chicken clucking,train
FpYuJwh_vo8,70,chicken crowing,test
FqMc3Xy6Yks,20,chicken crowing,train
Fqy0eMO3-rQ,73,chicken crowing,train
Fqy0eMO3-rQ,101,chicken crowing,train
Ft9eIN-nR-g,80,chicken clucking,train
FxgAwrXenok,1,chicken crowing,train
FzJWDg6CnQM,30,chicken clucking,train
FzPplBkG_aI,10,chicken crowing,train
Fzs-OIw-Atw,0,chicken crowing,test
G-e_5fFjbrU,3,chicken crowing,train
G-tO6Sqyiu4,30,chicken clucking,test
G4lHrxChh5U,40,chicken crowing,train
G6v8ud4SQUE,0,chicken crowing,train
GB-8s2O726U,0,chicken crowing,train
GBNzpTa5FxA,424,chicken crowing,train
GBNzpTa5FxA,617,chicken crowing,train
GBeXC_oWlv8,60,chicken clucking,train
GF8qYRPhy0U,18,chicken clucking,train
GG-v8-4KN-k,30,chicken clucking,train
GJjl9LHOTjM,30,chicken clucking,train
GKS8P7To-CM,26,chicken clucking,train
GL4-kW1dMek,50,chicken crowing,train
GLJKGQGXImI,320,chicken crowing,train
GTMlQKbsJpA,80,chicken clucking,train
GTf3NT4DFVU,30,chicken clucking,train
G_ZCxIsueso,30,chicken crowing,train
GaGuidCFVW0,30,chicken crowing,train
GafB9PErj6Y,11,chicken clucking,train
GhXWfI9CHYI,40,chicken crowing,train
GkKGr50i35g,20,chicken clucking,train
GkStiQ3hR5g,220,chicken crowing,test
GlSiGSS3T9A,30,chicken crowing,train
GmGWbDtPfj4,30,chicken clucking,train
GqWc7wmZOgc,20,chicken clucking,train
Guh4jjWQgLk,2,chicken crowing,train
GxEy0uzGyA0,170,chicken clucking,train
GySYV3pD0hU,40,chicken crowing,train
GzT5MFcdr40,12,chicken clucking,train
H-maqeP2ECQ,90,chicken crowing,train
H2bwrOfXcsY,16,chicken clucking,train
H2bwrOfXcsY,40,chicken clucking,train
H3pQq4RBoUg,0,chicken crowing,train
H4D_eIQZGoE,200,chicken crowing,test
H4Y8cc9satE,15,chicken crowing,train
H8lholuvdIo,590,chicken crowing,train
HBcjWeINfvQ,27,chicken clucking,train
HBcjWeINfvQ,38,chicken clucking,train
HC7uGZhzmEs,16,chicken clucking,train
HC7uGZhzmEs,60,chicken clucking,train
HDzYSpSSnvE,10,chicken crowing,train
HHpUYZEDFlQ,140,chicken crowing,train
HKdtztWDuCo,80,chicken crowing,train
HPgh02VwZAI,17,chicken clucking,train
HQMWk3gAHpk,30,chicken clucking,train
HUA-Ad4W8FQ,30,chicken crowing,train
HUxGbWDChFk,1,chicken crowing,train
HUxGbWDChFk,30,chicken crowing,train
HUy61ioZy_w,9,chicken crowing,train
HUy61ioZy_w,21,chicken crowing,train
HWQd9PQb1TA,100,chicken crowing,train
HXvge-6i_mk,30,chicken crowing,train
HYBxO5Fy1PY,27,chicken clucking,train
HYVq4q-Ugqw,30,chicken clucking,train
H_iMLZZsgT8,30,chicken crowing,train
HbsniEGbyik,30,chicken crowing,train
HbsniEGbyik,51,chicken crowing,train
Hh1__trSyRs,170,chicken crowing,train
HhkkT1eqwqI,15,chicken clucking,train
HkrlMeHch6A,30,chicken clucking,train
Hl_LAjCrydw,0,chicken crowing,train
HmMyQjUUYXI,50,chicken clucking,train
HnRqjImDRAc,30,chicken crowing,train
HogebVN7Z5Y,8,chicken clucking,train
HpQS72_DP3Y,30,chicken clucking,train
HsuRirruYUk,220,chicken clucking,train
HtDI7vN3ukI,7,chicken crowing,train
HtDI7vN3ukI,64,chicken crowing,train
HtY9mMP7inw,30,chicken crowing,train
Hxk-ig_KYlA,30,chicken clucking,train
HzYUtghwGJ0,30,chicken clucking,train
I-_8K24erhM,0,chicken clucking,train
I1NE3H6soBU,300,chicken crowing,test
I6tXhdnv8UQ,110,chicken crowing,train
I7Bev-ufyg8,30,chicken crowing,train
I8IsSrpqvSo,92,chicken crowing,train
IDjZnEy6m00,25,chicken crowing,train
IF5TdAAOjqE,40,chicken crowing,train
IF5TdAAOjqE,51,chicken crowing,train
IF780vXZ8LA,80,chicken crowing,train
II85Ieg2TYc,70,chicken crowing,train
IKk7RiqtOF0,14,chicken crowing,train
IKk7RiqtOF0,20,chicken crowing,train
IL-EAE-7HJU,30,chicken clucking,train
IMoNRQZQUTU,222,chicken clucking,train
INakOVhEFtY,25,chicken crowing,train
INakOVhEFtY,30,chicken crowing,train
IO4zp-7TF1k,40,chicken crowing,train
IOM4TnbFhq4,10,chicken crowing,train
IPDt_iDc6o0,80,chicken crowing,train
IPDt_iDc6o0,96,chicken crowing,train
IQmrVcRT-oI,20,chicken crowing,train
ITYq5xoDGK0,30,chicken clucking,test
IUCFDTu--Us,0,chicken clucking,train
IXT5uZ_T5PI,30,chicken clucking,train
Ic68w8NslK0,14,chicken crowing,train
Ic68w8NslK0,48,chicken crowing,train
IerB57wKkng,30,chicken crowing,train
IgYKpvbtKtA,21,chicken crowing,train
IgYKpvbtKtA,32,chicken crowing,train
IjSBSAcFK6E,0,chicken crowing,train
IjSBSAcFK6E,55,chicken crowing,train
IjVDrK3KeoA,1,chicken crowing,train
Il04IOF_p2A,0,chicken clucking,train
Il5cVNDMDTo,30,chicken crowing,train
InxgcOFzxWY,70,chicken clucking,train
IpNgah-e6v4,43,chicken clucking,train
IqQa2LHUOls,100,chicken clucking,train
IrB0uAKkF3w,270,chicken crowing,train
IvTDEpabGc8,8,chicken crowing,train
Iy5GgtagFlY,73,chicken crowing,train
IyH7sxPK--c,40,chicken crowing,train
IyL7GafTLfY,30,chicken crowing,test
IyYrc2t61L8,30,chicken clucking,train
J2RZRMlRkYU,80,chicken crowing,train
J3jKsmIjMh4,10,chicken crowing,train
J5qcOdmDxPg,10,chicken clucking,train
J7hIxdTgOPc,30,chicken clucking,train
JAJHlDIlOLU,50,chicken crowing,train
JCqXVFjiHCA,30,chicken crowing,train
JIPcu2ZiLys,39,chicken crowing,train
JL9pKeXjNQ0,10,chicken clucking,test
JMwELk9MHLk,4,chicken crowing,train
JQ2jMKhxRu4,6,chicken crowing,train
JUO4TB2jRZw,70,chicken crowing,train
JWCNAp853_Y,120,chicken crowing,train
JZKFX8R8gVQ,0,chicken crowing,train
J_Ulk3wIKy4,30,chicken clucking,train
JeYy7NMHNV4,10,chicken clucking,train
Jf4v7WUyfJU,42,chicken crowing,train
Jf4xMrucyLA,180,chicken crowing,train
JfuN9jY3Psg,10,chicken crowing,train
JgyphChj248,30,chicken clucking,train
JhU9GLQkSHs,83,chicken clucking,test
Jh_2HXJJ434,11,chicken crowing,train
Jh_2HXJJ434,23,chicken crowing,train
Jr5bzWiBdCU,16,chicken clucking,train
JsTj-8bNObw,331,chicken clucking,train
JsTj-8bNObw,694,chicken clucking,train
JsxLvhJ4P6w,0,chicken crowing,test
Jsxc848Rasc,10,chicken crowing,train
JuzqJAPlb5w,3,chicken clucking,test
JvD3txw0Mp8,108,chicken crowing,train
JvD3txw0Mp8,119,chicken crowing,train
JwJAh2X6btc,10,chicken crowing,train
JzWeUFIiqZA,21,chicken crowing,train
K-krra6cxhc,110,chicken crowing,train
K3CenN7d30Y,30,chicken crowing,test
K3Q8Gi6oPIg,30,chicken crowing,test
K4P65azBYZA,30,chicken crowing,train
K4uIcdYvpBs,30,chicken clucking,train
KA98KZS2oJo,30,chicken clucking,train
KAGadYR0_LM,290,chicken crowing,train
KInh3OgCmKE,20,chicken crowing,train
KJVMlgYFaHY,60,chicken clucking,train
KRn0pi_BArA,10,chicken crowing,train
KT-_FXZvwj8,30,chicken clucking,train
KXW90ZYDtBg,36,chicken crowing,train
KXW90ZYDtBg,53,chicken crowing,train
K_8tBU1LYxU,0,chicken crowing,train
K_GkTGJxTSk,19,chicken clucking,test
Kb_VOBHIncc,40,chicken clucking,train
Kk6J9ZzP0Mg,100,chicken clucking,train
KlD0YYsfxic,30,chicken clucking,train
KlXWSJYpR-8,30,chicken clucking,train
KmHt3WbSnC8,300,chicken crowing,train
Knzm2GZ6Gkk,70,chicken crowing,train
Krwwu9WsWgM,240,chicken crowing,train
Kv0yXifqRRA,30,chicken clucking,train
KvJcdn6S4hI,8,chicken crowing,train
KvSgd3nO0rc,20,chicken crowing,train
Kvv0gPIlTGw,30,chicken clucking,train
KwMaKV0yRiw,30,chicken clucking,train
L1SBg_8KsaQ,50,chicken crowing,train
L1XzU6Ibh78,30,chicken clucking,train
L3BGTrXI4To,150,chicken crowing,train
L4e-eYj9prw,10,chicken crowing,train
L7rsYVBvQFY,30,chicken clucking,train
L8iPBWLt4Ks,20,chicken clucking,train
LDPf_Uex-GI,30,chicken clucking,train
LEJyA_IDpxg,30,chicken crowing,test
LGk1hK4BDfM,30,chicken clucking,train
LLoAfWorzmM,30,chicken clucking,train
LPExL63gAZ0,1,chicken clucking,train
LPExL63gAZ0,11,chicken clucking,train
LSA8ZgjlFJ0,17,chicken crowing,train
LSA8ZgjlFJ0,80,chicken crowing,train
LVxo3RXN6So,30,chicken crowing,train
LZXbXdqyvG4,30,chicken clucking,train
La8ZABGHE2k,109,chicken crowing,train
LbWDdMprV5k,113,chicken clucking,test
LbWDdMprV5k,175,chicken clucking,test
Le5ri1Xke_Q,27,chicken crowing,train
Lf5p_Ma3xQo,30,chicken crowing,train
LiX1TychJQc,21,chicken crowing,train
Ll_8IubMoeg,0,chicken clucking,train
Lm-doZXCetA,2,chicken crowing,train
Lm-doZXCetA,82,chicken crowing,train
Lm2ZgIe3ZAk,0,chicken crowing,train
LoVxD4JhHMk,30,chicken crowing,train
LppSgg2G60U,30,chicken crowing,train
LrhrN7LUFCA,30,chicken crowing,train
M-su4V_mme0,30,chicken crowing,train
M-yPV-mSUOs,2,chicken clucking,train
M2nr-JbS7Sg,3,chicken crowing,train
M2tkg8RxXJc,60,chicken crowing,train
M8cxP-q1XNg,2,chicken crowing,train
M8qv0sZBpK8,5,chicken crowing,train
M9VRduR78bk,30,chicken crowing,train
M9h2uAz57fc,20,chicken crowing,train
MBY1fyppNt0,10,chicken crowing,train
ME2q9eoyA0k,10,chicken crowing,train
MI6AgoqRlZg,69,chicken crowing,test
ML6QPGbfMS4,15,chicken clucking,train
MMQL7BIzzXo,0,chicken crowing,train
MQris4i9o6c,30,chicken clucking,train
MR0sBRxEmk0,0,chicken clucking,train
M_0KYUcqS8g,9,chicken clucking,test
M_P-Md-SsQ4,7,chicken crowing,train
MfcxAYC94c0,180,chicken clucking,train
MgRhZHBbNgw,30,chicken clucking,train
Mn9Kc49yIAU,0,chicken crowing,train
MnNC-xl7cqM,22,chicken crowing,train
Mp-BIOdFsts,9,chicken clucking,train
Mqys8UDipyc,30,chicken crowing,train
Mr3usoMgUd0,38,chicken crowing,train
MuvAzMS1uMo,30,chicken crowing,train
N-1LjVUyesk,250,chicken crowing,train
N-2nZsmsslU,0,chicken clucking,train
N2t5vOI5kM0,5,chicken clucking,train
N2t5vOI5kM0,118,chicken clucking,train
N6MI-2cytj4,30,chicken crowing,train
N7q8sCzbWL8,7,chicken clucking,train
N9-qSGUwmWs,30,chicken clucking,train
NBpKWe35oqQ,10,chicken crowing,train
NCd0d1nxUH4,18,chicken clucking,train
NDEuAgxsO_4,30,chicken clucking,train
NIHK1v45zLg,20,chicken crowing,train
NJPprfrG4sM,59,chicken clucking,train
NJPprfrG4sM,444,chicken clucking,train
NMI304MvAmk,20,chicken clucking,train
NNJzABG1cRU,20,chicken crowing,train
NO8RAmUg6ys,30,chicken clucking,train
NXOovj9ss7Y,0,chicken crowing,train
NXmrXvxTVIA,30,chicken clucking,train
N_I9rnqT1dw,30,chicken crowing,train
NcIR-UiXJI0,30,chicken crowing,test
NcUyi8IeIbo,220,chicken crowing,train
NcjLlt-RBRU,2,chicken crowing,train
NdM4CrObHE0,22,chicken crowing,train
Nf996ZaE3Sw,30,chicken clucking,train
NgCCBXm5abM,350,chicken crowing,train
Ni8dpJxscEE,52,chicken crowing,train
Ni8dpJxscEE,72,chicken crowing,train
NmDGGQaQrBU,30,chicken clucking,train
NmrgtUxMLCI,30,chicken clucking,test
Nnq9kx_ExC4,30,chicken crowing,train
Np6sz-auJDs,30,chicken clucking,train
NsLQhKoMHjA,30,chicken crowing,train
NvYcGLxmITY,20,chicken crowing,train
NwIDavS0llk,10,chicken crowing,train
NzgFqucaqz4,30,chicken clucking,train
O7aemOgPI2Q,140,chicken clucking,train
O8aMDUSXhBw,10,chicken clucking,train
ODcTO7pKBFs,30,chicken clucking,train
OE0tYMQn8GU,100,chicken crowing,train
OHWRjxRAxf8,20,chicken crowing,train
OJqJgotD8D4,38,chicken crowing,train
OQO3yhmqBec,71,chicken crowing,train
ORB8cW-OWCU,38,chicken crowing,train
OStAy9SSffQ,160,chicken crowing,train
OTwTsC2tGq8,170,chicken crowing,train
OXYRNCdA7tc,10,chicken clucking,train
OYk7CDq7O0E,100,chicken clucking,train
OaazzYekHVE,10,chicken crowing,train
ObW0kNU0ZD8,0,chicken crowing,train
Obu2bZ63sek,180,chicken crowing,train
Oe-5aEHmGMU,0,chicken crowing,train
OfFtSonH7zc,20,chicken clucking,train
OfFtSonH7zc,30,chicken clucking,train
OnIC0gUIN3o,30,chicken crowing,train
OoUhAVD8WPM,100,chicken crowing,train
OpAeCvoHv3o,50,chicken crowing,train
OrejwdgHydg,24,chicken crowing,train
OwkTp7rchnM,19,chicken crowing,train
OyUl4gB7uwI,4,chicken crowing,train
P3CD6PPmazY,30,chicken clucking,train
P8678nG2qWQ,7,chicken crowing,train
P9XdsOw-3CU,70,chicken clucking,train
PAlrCOj1NJA,420,chicken crowing,train
PIgN2TZiL5M,26,chicken clucking,test
PNO6e05SQ-E,190,chicken crowing,test
PSeg1WIMsaM,10,chicken crowing,train
PjG5UFKF-yo,240,chicken crowing,train
PjjoJqYvatA,15,chicken clucking,train
PjjoJqYvatA,25,chicken clucking,train
PlsgUJqm8HE,30,chicken crowing,train
Po1J63SueE8,13,chicken crowing,train
PpUMdcZZxlk,34,chicken crowing,train
PuHhOB9pJSs,30,chicken clucking,train
PyDDqv2qDn8,34,chicken crowing,train
PzwWReutV7E,0,chicken clucking,train
Q-CzHyOj5AQ,33,chicken crowing,train
Q2RWKTLkLFg,2,chicken crowing,train
Q7d8Cpmd-Iw,25,chicken crowing,train
QD9V6AwZar4,350,chicken crowing,test
QDCxU0B91W0,10,chicken clucking,train
QF40Llnwruk,30,chicken crowing,train
QGmiFMil39A,140,chicken crowing,train
QITgidkrvew,170,chicken crowing,train
QS0ijXZn3lM,8,chicken crowing,train
QTewkp8YkxY,54,chicken crowing,train
QUvyDNJmcFo,80,chicken crowing,train
QjA8umRgYaY,20,chicken crowing,train
QokchOVPhDc,160,chicken crowing,train
QsaAHWDGY8c,7,chicken crowing,train
R-of-I8MxxQ,24,chicken crowing,train
R7e4JYoDUEw,6,chicken crowing,train
RAKhCFjZUL4,10,chicken clucking,train
RAnMPH-avw8,463,chicken crowing,train
RAtc6rkgebA,110,chicken clucking,train
RDRHIPumrTE,30,chicken crowing,train
RO1j8CM0FaQ,0,chicken clucking,train
RRiQx3aXAb4,27,chicken crowing,train
RX7V9s-WZq4,20,chicken crowing,train
RXP-jInEK5Q,13,chicken crowing,train
Rbjs5STPg_M,5,chicken crowing,train
RfJAPX3bHgQ,0,chicken crowing,train
RhBq1oMQ7Ns,0,chicken crowing,train
RjMim0VcbMM,0,chicken clucking,train
RkRzp7Th1_g,10,chicken crowing,train
RoUbzCwyKio,70,chicken crowing,train
RsXU0fTaCIA,9,chicken crowing,train
RxO8XoRoLoU,10,chicken clucking,train
Rzbia4AyGlA,7,chicken clucking,train
Rzbia4AyGlA,18,chicken clucking,train
S0M2m51V23k,30,chicken clucking,train
S4V37qPa2iQ,10,chicken crowing,train
S5AoD7D2MtY,258,chicken crowing,train
S5AoD7D2MtY,324,chicken crowing,train
S8sYQJBmcFk,0,chicken clucking,train
S9JVBIbUARw,50,chicken crowing,train
SAQfT6Afm94,30,chicken clucking,train
SBcZBWk6rqA,30,chicken crowing,train
SDvpf6wsryQ,46,chicken crowing,train
SE50coN5T2U,26,chicken crowing,train
SE50coN5T2U,36,chicken crowing,train
SIBvsE1K7GE,0,chicken crowing,train
SIjpy6DoB4Q,150,chicken crowing,train
SS_LK-dxR2g,30,chicken clucking,train
SUKGkMu6o_A,60,chicken clucking,train
SZgGS3rv6mM,20,chicken clucking,train
S_Xm-dUIU8o,30,chicken crowing,train
SbeCnPVuVBo,250,chicken crowing,train
Se-4i17d_hs,21,chicken crowing,train
Se-4i17d_hs,45,chicken crowing,train
Sehq6UuRqzI,50,chicken crowing,train
SloX2ZWP_xE,140,chicken crowing,train
Spi1zyxN1MQ,290,chicken crowing,train
SqmvTsao-G4,30,chicken crowing,train
St_86dmBHCI,0,chicken crowing,train
SwnsaeJIQW8,30,chicken crowing,train
SwnsaeJIQW8,96,chicken crowing,train
T0DQyRrjewU,3,chicken clucking,test
T5GPOoUmWts,1,chicken clucking,train
T5GPOoUmWts,11,chicken clucking,train
TBW8fDBx1xo,124,chicken crowing,train
TEYxA1PX41s,20,chicken clucking,train
TFO9-wMz5zE,30,chicken clucking,train
TR2-2Fp4Dgs,23,chicken clucking,train
Tah94uIUo4U,30,chicken crowing,train
Tb-Y0F4bCdI,300,chicken crowing,train
Tgqb1VUysMM,490,chicken crowing,test
TlT5tNsEzcE,15,chicken crowing,train
TlT5tNsEzcE,31,chicken crowing,train
TmFszeR4v34,110,chicken crowing,train
TmSgb7CuAYo,104,chicken crowing,train
TpDJZtiSxFA,100,chicken clucking,train
TpZZS4_bk0s,90,chicken crowing,train
TwNw3mvwPiY,20,chicken crowing,train
TxRxszQecn4,120,chicken crowing,train
U1It20d6nCA,7,chicken clucking,train
U1It20d6nCA,18,chicken clucking,train
U1XAZcjDQrI,20,chicken crowing,train
U1bzzrj_VVE,30,chicken crowing,train
U692AVIP0xA,100,chicken crowing,train
U8r8cFbZM8o,1,chicken clucking,train
UA62hwIBgGY,20,chicken clucking,train
UKaiQgW5Wzk,350,chicken crowing,train
ULpZsHp10LE,120,chicken crowing,train
UPKnkMX8moM,15,chicken crowing,train
UUjPZPtqG5k,0,chicken crowing,test
UVb9Sz7JuZM,270,chicken crowing,train
U_t9OuQ36DU,50,chicken crowing,train
UccHwSWMR8o,54,chicken crowing,train
UdKvTfdPD_o,0,chicken clucking,train
UhEQ1E8XPp4,3,chicken clucking,test
UhEQ1E8XPp4,17,chicken clucking,test
UkMm5bKyoJ8,30,chicken clucking,train
UkPy9Kl1N3s,0,chicken clucking,train
UkUMEOvBgTI,130,chicken clucking,train
UpRhzrNgt_c,40,chicken clucking,train
UqMeR5Erq8I,30,chicken crowing,test
Uw_0XBawrSc,80,chicken clucking,train
V0I7-njS41E,8,chicken crowing,train
V1tVMiHGN-4,70,chicken clucking,train
V5WL7M2IKJ4,28,chicken crowing,train
V6Kp-aBsskY,83,chicken crowing,train
VEhmvrgrZb0,0,chicken clucking,train
VEphB6rwU_A,2,chicken crowing,train
VK0knA86Ov8,40,chicken clucking,train
VKu9ckxmhAw,10,chicken crowing,train
VNs8qiFvwfk,30,chicken crowing,train
VPQGjBEbHSQ,10,chicken crowing,train
VW7JVETgk_M,30,chicken crowing,train
VWaM_J82Rf4,100,chicken crowing,train
Vj9Md8Vho-g,350,chicken clucking,train
VkXPt12nNRo,10,chicken crowing,train
Vmk50CY9S9c,0,chicken crowing,train
VoWYsAcibqM,113,chicken crowing,train
Vr86zJve3nw,30,chicken crowing,train
VwOS92c2KDM,180,chicken clucking,train
W0lB2rO7rv4,110,chicken clucking,train
W35zyKLz2hE,50,chicken crowing,train
W5Gdxu3IIW8,50,chicken clucking,train
WDuVEG9fzEE,0,chicken crowing,train
WF0CiXcsi5k,270,chicken crowing,test
WGhLHnIrO98,65,chicken crowing,train
WHB1W73UBaI,10,chicken crowing,train
WHB1W73UBaI,27,chicken crowing,train
WItZYUsrKjU,0,chicken clucking,train
WMgideUWD3c,18,chicken crowing,train
WQshMg9NmHw,10,chicken crowing,train
WS5KHE0XkUI,0,chicken crowing,train
WU0VLkr6k84,20,chicken crowing,train
WV-t-cB6K-8,30,chicken crowing,test
WXJFpgAMCc0,64,chicken clucking,train
WXJFpgAMCc0,92,chicken clucking,train
WYgLhdinK4w,130,chicken crowing,train
W_WwHDp75uQ,20,chicken crowing,train
Wa8bfGrNLu4,10,chicken crowing,train
Wbx-y-cU9y0,11,chicken clucking,train
WeBPE7xdTH4,12,chicken clucking,test
Wj5DXRLPo3U,70,chicken clucking,train
WjRjR7e8Ktc,7,chicken clucking,train
WlitZoXPJ2o,60,chicken crowing,train
WnT3TFgkP1E,30,chicken crowing,train
WrUomWz6U_o,30,chicken crowing,train
WsonViAlNjk,10,chicken crowing,train
WsonViAlNjk,17,chicken crowing,train
WwEDsuz-yt0,210,chicken clucking,train
WyX0oGsSNS0,2,chicken crowing,train
WyX0oGsSNS0,6,chicken crowing,train
X0p6idh0b4M,28,chicken crowing,train
X31JvVFCg-w,530,chicken clucking,train
X4qwyIjwfbc,0,chicken clucking,train
X4sfUV9LVQ8,21,chicken crowing,train
X4sfUV9LVQ8,30,chicken crowing,train
X6pk3KmN4t0,10,chicken crowing,train
X7yRNq5wG7E,30,chicken clucking,train
XEXZsGmYs00,20,chicken clucking,train
XKE_DqJr_uI,30,chicken clucking,train
XKO-6-IVNY8,8,chicken crowing,train
XKi1sE86-eA,30,chicken crowing,train
XPn6_04-EJ4,14,chicken crowing,train
XRLL7zQDNAM,241,chicken clucking,train
XRLL7zQDNAM,438,chicken clucking,train
XU6BsMyt9n0,10,chicken clucking,train
XVMKGyFOtMQ,10,chicken crowing,train
XYrinA0mlXw,30,chicken crowing,train
X_1bZPiGGxM,40,chicken crowing,train
X_H5Po34RuQ,280,chicken clucking,test
XiJXWs8liZk,20,chicken crowing,train
Xl5UzcD9fxI,10,chicken crowing,train
Xv3ZgIRD170,71,chicken crowing,train
Xv3ZgIRD170,92,chicken crowing,train
XwDYmOTd9O4,19,chicken crowing,train
Xzl1udP0zzM,40,chicken crowing,train
Y2o0zuCfbzk,93,chicken crowing,train
Y2qWdZzSKkw,417,chicken clucking,train
Y2qWdZzSKkw,478,chicken clucking,train
YAKvKogi_3s,30,chicken crowing,train
YAKvKogi_3s,31,chicken crowing,train
YDQGe-Rfd7c,150,chicken clucking,train
YEM4sh_ASYQ,61,chicken clucking,train
YGp4uNQraXI,270,chicken crowing,train
YHxibYR7s5k,48,chicken crowing,train
YHxibYR7s5k,59,chicken crowing,train
YKSw0K8Yioo,14,chicken crowing,train
YLCSWudT5bU,30,chicken crowing,train
YLoP8zBuYt0,23,chicken crowing,train
YP6H3sDVrVE,20,chicken clucking,train
YPxoDCh4Ay0,38,chicken crowing,train
YRKWi0HSiOg,643,chicken crowing,train
YRKWi0HSiOg,725,chicken crowing,train
YTCvqqIPNXE,0,chicken crowing,train
YYe1Z9eabfo,160,chicken crowing,train
YbunWoJNoRM,200,chicken crowing,train
Yjqb7yCKeGU,220,chicken crowing,train
YklEycYx8f8,19,chicken clucking,train
YlI9xWmyMzg,10,chicken clucking,test
Yr-VaTIwqwM,67,chicken crowing,train
Yy5CbT0KsHM,133,chicken crowing,train
YzH6nFy4c5s,66,chicken crowing,train
Yzz_Pr153kg,320,chicken crowing,train
Z059OP-tpB0,10,chicken clucking,train
Z059OP-tpB0,25,chicken clucking,train
Z8lpW0QTDFY,92,chicken clucking,train
Z8lpW0QTDFY,102,chicken clucking,train
ZCsDpTT-IUc,5,chicken crowing,train
ZCsDpTT-IUc,15,chicken crowing,train
ZG3NlOgy0Zo,17,chicken clucking,train
ZG3NlOgy0Zo,30,chicken clucking,train
ZQ1GqC9ZMJ0,15,chicken crowing,train
ZRbAhRimdGU,0,chicken crowing,train
ZTqhllInu3k,70,chicken crowing,train
ZV7AQfzDgmw,63,chicken clucking,train
ZV7AQfzDgmw,85,chicken clucking,train
ZXicZqdQCVY,90,chicken crowing,train
ZZk0u_LJoUA,30,chicken crowing,train
Zbw8yy2bD-o,14,chicken clucking,train
Zbz0xb0BYSk,90,chicken crowing,test
ZcCJa8ycExI,50,chicken clucking,train
ZcMuL-DZFz4,40,chicken clucking,train
ZdzOmen78_M,10,chicken clucking,train
Zk4ZWwUyFCA,10,chicken clucking,train
Zk4ZWwUyFCA,31,chicken clucking,train
Zma_Oe5WVFU,80,chicken crowing,train
ZqateJ-910g,10,chicken crowing,train
Zx0hF06CVs8,10,chicken clucking,train
_-mzWkoGewA,0,chicken clucking,train
_0qKPsdqPNg,50,chicken crowing,train
_33mD0WaVNo,490,chicken clucking,train
_4-Cjx80-DU,10,chicken crowing,train
_4Hd3e3q9cE,10,chicken crowing,train
_6tHqTDB-1g,30,chicken clucking,train
_A9geRj4Ev8,30,chicken clucking,train
_CqyrYdrM4o,140,chicken clucking,train
_EBaQ9ZfUkA,2,chicken clucking,train
_Gp09yIB-bQ,19,chicken crowing,train
_WJFzZwYgoQ,0,chicken crowing,test
_ZM-O8ZS8j8,560,chicken clucking,train
_evex4Vvaxo,70,chicken crowing,train
_hpHt7J3Hrg,130,chicken crowing,train
_rc_VveNIJY,400,chicken crowing,train
_uboaBPhcE8,1,chicken crowing,train
_vUcCZfrPF0,40,chicken crowing,train
_wBNB72t0eg,30,chicken crowing,train
_yxJZgTq3uA,22,chicken crowing,train
a-X7Ri2jEzE,90,chicken crowing,train
a1xiQtR7RE0,21,chicken clucking,train
a1xiQtR7RE0,33,chicken clucking,train
a3Iqv8K0_XE,13,chicken crowing,train
a3Iqv8K0_XE,30,chicken crowing,train
a4lY2XOOs3E,210,chicken crowing,train
a8CZPXzDdF4,30,chicken crowing,train
aDK33zrMUf0,50,chicken crowing,train
aL7-RUJ7ykk,80,chicken crowing,train
aNKWalYyU0g,12,chicken clucking,test
aNwlBrJtFHk,5,chicken crowing,train
aPavkNeB2YY,50,chicken clucking,train
aQZoGTQPAss,30,chicken crowing,train
aSf4paTGiz4,80,chicken crowing,train
aSzPZHOW3-E,30,chicken crowing,train
aTUBskS1TDc,0,chicken crowing,train
aU8dxXh2yqk,390,chicken crowing,test
aVSPjwbQvpM,200,chicken clucking,train
aVkuixiRqMI,20,chicken crowing,train
aXnfG9pbhx8,1,chicken crowing,train
aYzXFahLT_E,0,chicken crowing,train
aaGL5l7WEZc,30,chicken crowing,train
abqANHyTUTQ,0,chicken crowing,train
ai1_4_G5YjQ,20,chicken crowing,train
ai1_4_G5YjQ,39,chicken crowing,train
amd5N_Pf228,0,chicken clucking,train
amndBfuwwDE,30,chicken crowing,train
anDH_Nb35E0,42,chicken crowing,train
at6MR6RxQ9g,80,chicken crowing,train
avIDA7YK9Fg,170,chicken crowing,train
avP3FnP0r1Y,160,chicken clucking,train
avy-CXhJ6Tk,27,chicken crowing,train
avy-CXhJ6Tk,113,chicken crowing,train
b-VO6mDMwRE,20,chicken crowing,train
b2eJI7kjNZo,58,chicken clucking,train
b2eJI7kjNZo,93,chicken clucking,train
b3XCAejRSDU,100,chicken crowing,train
b4B0ZX1n_PY,0,chicken clucking,train
b62b9_wev9Q,0,chicken crowing,train
b7K8wDLSRt0,10,chicken clucking,train
b8DbhpLtCck,0,chicken crowing,train
b8DbhpLtCck,911,chicken crowing,train
b9u-yAT_eqo,90,chicken crowing,train
bKbWi0MSoQk,32,chicken crowing,train
bLLDz6IYE4c,210,chicken crowing,train
bNUBb-cOLw4,20,chicken clucking,train
bNhA2IsT9R4,90,chicken clucking,test
bQ74gCRszFQ,80,chicken crowing,train
bTaiyTHYn8g,0,chicken clucking,train
b_R2Q-x9R9U,38,chicken crowing,train
beaHUXxN7jk,94,chicken crowing,train
bezUdnkWlSs,4,chicken crowing,train
bezUdnkWlSs,10,chicken crowing,train
bg2cSah4T6o,10,chicken crowing,train
bgy8lOzMuTQ,7,chicken clucking,train
bkS0shAPDw0,80,chicken crowing,train
bpglYfkW4Rw,20,chicken crowing,train
bqJ0HRkbCRo,1,chicken clucking,train
brpJxppIbDI,140,chicken crowing,test
bvevv4mc8xU,580,chicken crowing,train
bx76BdsUtac,30,chicken clucking,train
c400FgtAZH8,50,chicken clucking,train
c5fYHskcyTw,140,chicken clucking,train
c5mfSaWO7TQ,230,chicken crowing,train
c7UAw-LEc9Y,10,chicken crowing,train
c7UAw-LEc9Y,30,chicken crowing,train
c7yISusZaQQ,20,chicken crowing,train
cD3_DQHeC7Y,30,chicken clucking,train
cIlCtyp0hmA,5,chicken clucking,train
cIlCtyp0hmA,15,chicken clucking,train
cPkmeDIcyVA,30,chicken crowing,train
cSym5f2jySA,5,chicken crowing,train
cSym5f2jySA,70,chicken crowing,train
cT2jY7AgYHg,190,chicken crowing,train
c_kFfnDOPgM,380,chicken crowing,train
cexa9HM2-T0,350,chicken crowing,train
cgqUXxN-BWA,40,chicken crowing,train
cgyJ14uIVbs,12,chicken crowing,train
civwA5z8nME,63,chicken clucking,train
civwA5z8nME,88,chicken clucking,train
co5vcBtLBm4,30,chicken clucking,train
coZDNZO7gL4,60,chicken crowing,train
cqZyFyjYWR8,1,chicken crowing,train
cqZyFyjYWR8,3,chicken crowing,train
cvID_z3CNq4,13,chicken crowing,train
cvZOK6bG16I,8,chicken crowing,train
cxS9w54lj_o,2,chicken crowing,train
cy-8xW109Ks,30,chicken crowing,train
d2XvPNPW-bw,64,chicken crowing,train
dKA4KF5SnOY,0,chicken clucking,train
dLTOAdR5hak,20,chicken crowing,train
dPWaoOm9r58,70,chicken clucking,train
dSfDBBtF5bo,180,chicken clucking,train
dVaqSXamFnw,30,chicken crowing,train
dY6QjiaWJVA,23,chicken crowing,train
dY6ijs7Mn4Y,0,chicken crowing,train
dlEOVeJMhXc,270,chicken crowing,train
doSWrqMRuBs,69,chicken crowing,train
dpf2YeIWE1g,60,chicken crowing,train
dqt_MzUQ20M,80,chicken clucking,test
dsp3ykl0p8g,30,chicken crowing,train
dtUlMzBIr-U,6,chicken clucking,train
dtUlMzBIr-U,22,chicken clucking,train
dwC47FmlbjQ,10,chicken crowing,train
dwNlg42ZJCo,0,chicken crowing,train
dwiNMKhLWVs,22,chicken crowing,train
dzNfwINix_I,20,chicken crowing,train
e6MrVGSu_L4,20,chicken crowing,train
e8V6bnVh9Nc,100,chicken crowing,train
eGZSBydOBj0,61,chicken crowing,train
eHEkR0LmSaI,150,chicken clucking,train
eMzOIsQn3zY,30,chicken clucking,train
ePGdRa-zbcA,450,chicken crowing,train
eQRSBs5ox7I,94,chicken crowing,train
eRXj7FneOsQ,10,chicken crowing,train
eRmRHc0lhrY,110,chicken crowing,train
eRsuAfoCN8A,6,chicken crowing,train
eRsuAfoCN8A,8,chicken crowing,train
eTc_zMrL1m4,10,chicken crowing,train
eUUXqP86uIM,0,chicken crowing,train
eUZdeewHwhw,30,chicken crowing,test
eVinj3aMw4s,0,chicken clucking,train
eXDupe3EWAY,120,chicken crowing,train
e_-lAh6TQzg,0,chicken crowing,train
e_aS234y8Dg,70,chicken clucking,train
ekLJPAP2CoM,6,chicken clucking,train
ekLJPAP2CoM,43,chicken clucking,train
enffhb4DltA,30,chicken clucking,train
epMUuqXcgeo,30,chicken clucking,train
eraLYmB17ms,30,chicken crowing,train
eunWdzCBg-4,68,chicken crowing,train
f1TZT8cV7Zk,150,chicken crowing,train
f1bhk2MKuP4,8,chicken clucking,train
f1bhk2MKuP4,27,chicken clucking,train
f5RrGFBbbSY,20,chicken clucking,test
f7bSMX2A79Y,109,chicken crowing,train
fBN7oSiKGEM,7,chicken clucking,train
fDBWTLAjAm0,120,chicken crowing,train
fDhd2gvWn0I,30,chicken crowing,train
fG1X4CTixQ4,4,chicken crowing,train
fGclsoEE9Hs,220,chicken crowing,train
fHnIVsGd38I,40,chicken clucking,train
fIzqm8CUV3k,13,chicken crowing,train
fIzqm8CUV3k,69,chicken crowing,train
fJjQvZ5sft8,30,chicken clucking,train
fMp_fHRaNs8,460,chicken crowing,train
fN15GqY0LxE,30,chicken clucking,train
fOVVEorwoLc,100,chicken clucking,train
fQQiWVijmo0,15,chicken crowing,train
fQQiWVijmo0,28,chicken crowing,train
fRC7PYzCV0M,30,chicken crowing,train
ffZoY75S_-k,70,chicken clucking,train
ffcZz0QSZTE,90,chicken crowing,train
fgO_jdUl3ZU,0,chicken crowing,train
fgVFkyfusXQ,3,chicken clucking,train
fhKxzcGgIjM,5,chicken clucking,test
fuKUA573aPQ,40,chicken crowing,test
fvJ0XKkKSyI,90,chicken crowing,train
fvyc_ywebXQ,10,chicken clucking,train
g5PjtDF4c0Y,189,chicken crowing,train
g5wk0tOrctY,30,chicken clucking,train
g63v6G33W28,42,chicken crowing,train
g6vOi4zf7F0,1,chicken clucking,train
g7276kjpL3U,20,chicken crowing,train
gCOqV3nUhuw,60,chicken crowing,train
gDSYB2VcRFU,27,chicken crowing,train
gEAa0h0_JWE,30,chicken crowing,train
gFCGhjL3vIg,210,chicken clucking,train
gHmHTKMEzXE,1,chicken clucking,train
gHmHTKMEzXE,11,chicken clucking,train
gKvJr_8728A,2,chicken crowing,train
gMSzmoSfpqc,30,chicken crowing,train
gO1OdwkGCcM,40,chicken crowing,train
gPYjfgbqG1w,80,chicken crowing,train
gWsE7HmG0mA,0,chicken clucking,train
gWsE7HmG0mA,36,chicken clucking,train
gbESQhbGspA,10,chicken clucking,train
gbgpd9SDSW0,170,chicken crowing,train
gdXrZnTyK_c,16,chicken crowing,train
gh7LqhtRJhs,8,chicken crowing,train
gh7LqhtRJhs,19,chicken crowing,train
gjdM7Xdv8vU,30,chicken crowing,train
gkQgE3aMvug,8,chicken crowing,train
gnshLYrONVU,120,chicken crowing,train
grG6GPjDgU8,30,chicken crowing,test
gtWX2Z10izE,180,chicken crowing,train
gyjq3HHHKbQ,30,chicken clucking,train
gyjq3HHHKbQ,34,chicken clucking,train
gzHmBmqFECU,30,chicken crowing,train
gzP4XDU8BwU,18,chicken crowing,train
h05ebe3zxfQ,159,chicken clucking,train
h1OoOBlEZSI,6,chicken crowing,train
h3lWbITNKsw,24,chicken crowing,train
h6HkOxlVt5c,70,chicken clucking,test
h72XDYPAzwA,230,chicken clucking,train
hAT-W6XTiLc,60,chicken crowing,train
hCCnrcFsL5s,30,chicken crowing,train
hF-yaTUX68Y,34,chicken crowing,train
hGlPbwo33SI,80,chicken clucking,train
hHs5je_FTaM,90,chicken crowing,train
hPgkfI8aSQA,170,chicken crowing,train
hQPqM8KgPng,6,chicken crowing,train
hQPqM8KgPng,41,chicken crowing,train
hQeGVtCiJZY,20,chicken clucking,train
hRocvulC6WA,320,chicken crowing,train
hSsodowahJU,60,chicken crowing,train
hSsodowahJU,144,chicken crowing,train
hVBPZhY42q8,11,chicken clucking,train
hVBPZhY42q8,24,chicken clucking,train
hW387w8kMfU,5,chicken crowing,train
hXsGzYaYMQc,30,chicken crowing,train
hXsGzYaYMQc,69,chicken crowing,train
hbvtb98oVkU,90,chicken crowing,train
hcT--c7ObWo,30,chicken crowing,train
hf8QTreyNx0,70,chicken crowing,train
hf9pKuTuPcA,20,chicken crowing,train
hfloy__8cxY,60,chicken crowing,train
hfzkKk7nijg,100,chicken crowing,train
hhT8bM9WObU,0,chicken clucking,train
hhT8bM9WObU,10,chicken clucking,train
hjYUN-AkQjw,30,chicken crowing,train
hlKkLqHpJ_s,400,chicken crowing,train
hlo623Qp8k4,0,chicken crowing,train
hmpSPSig_bU,0,chicken clucking,train
hmpSPSig_bU,32,chicken clucking,train
htKnR_TRgLM,16,chicken crowing,train
hyMOy5HKHG4,0,chicken crowing,train
i11b2FRQ3P8,0,chicken clucking,train
iA00E_rp3nI,0,chicken clucking,train
iAqJ9lPCU4w,24,chicken crowing,train
iC1jyQEyhWw,30,chicken crowing,train
iEA86sH3Nx0,30,chicken crowing,train
iGgPrAM_K7Q,22,chicken crowing,train
iJ6DxdwyDeE,64,chicken clucking,test
iLgC9HfHALU,50,chicken crowing,train
iRiBSFMgZSQ,20,chicken crowing,train
iTe3DLQmJAg,2,chicken crowing,train
iYUFzQIU7JY,80,chicken crowing,train
iYv9pCf8EGg,460,chicken crowing,train
icJZHa6pGmY,8,chicken clucking,train
icJZHa6pGmY,21,chicken clucking,train
igdJhAnZcV4,0,chicken clucking,train
ilc7aczildg,3,chicken crowing,train
inK-u0Elgx4,10,chicken crowing,train
ipJABc4oXSo,20,chicken crowing,train
iqy8xobVjwE,8,chicken crowing,train
iramP9ihj_w,200,chicken crowing,test
ituznB1Y3H4,53,chicken crowing,train
ixPDbXVQXKM,5,chicken clucking,train
ixPDbXVQXKM,50,chicken clucking,train
j2u7bQ5BbAc,1,chicken clucking,train
jC3FDohGeio,30,chicken crowing,train
jH3c6jYCgDs,0,chicken clucking,train
jHnB1bA2hgc,170,chicken crowing,train
jLtZk7lKmjk,210,chicken crowing,test
jMG7k3Kuw90,8,chicken clucking,train
jMvu6wxy5LE,40,chicken crowing,train
jT17ZCfxrgY,23,chicken crowing,train
jUwnkgY5Dbo,70,chicken crowing,train
jaYBve_Bo3M,30,chicken crowing,train
jb20hKUYHYo,13,chicken crowing,train
jch4g8A2U3w,390,chicken clucking,train
jjJUL748_cI,126,chicken crowing,train
jn1mSrfgC4I,19,chicken crowing,train
jn5iUtAmCKQ,80,chicken clucking,train
jxeelTyjLg0,0,chicken clucking,train
k-pBiEBOCkw,90,chicken clucking,train
kGHAOLGOh1Q,20,chicken crowing,train
kG_Cu-j4-jk,0,chicken clucking,train
kJAHm45gDdk,30,chicken crowing,train
kJjhd_CLyrw,18,chicken crowing,train
kLjtFcnG3qk,60,chicken clucking,train
kNld4INtjNk,0,chicken crowing,train
kTYY55YRDiY,21,chicken crowing,train
kXhnWotStB0,0,chicken clucking,train
kZZbCYJgPQo,0,chicken clucking,train
kbpvBo1wwkg,150,chicken clucking,train
keODxbtKj0A,5,chicken clucking,train
keODxbtKj0A,81,chicken clucking,train
kflbIvUMu9w,30,chicken clucking,train
kl3HZbyUNys,30,chicken clucking,test
klGuA7ADdmk,40,chicken crowing,train
kpKUs5UvnpE,190,chicken clucking,train
krEzQuVHoKk,1,chicken crowing,train
krrNYPqlGgc,158,chicken crowing,train
kuCnJxFrEJY,70,chicken crowing,train
kvSiCk5oSzs,110,chicken clucking,train
kvXOWk2CVCg,8,chicken crowing,train
l2E7QUsNWH4,70,chicken clucking,train
l6OPzUGRmgQ,119,chicken crowing,train
l6OPzUGRmgQ,164,chicken crowing,train
l9Qc0Ey44eQ,120,chicken clucking,train
lD8bjb15O30,2,chicken crowing,train
lFtfquMElZM,21,chicken clucking,train
lNRQzDxshkA,30,chicken crowing,train
lP4AI3PYP44,60,chicken clucking,train
lSGGxXqklVs,60,chicken crowing,train
lUkVuABGEoA,100,chicken crowing,train
lgTL0ettFbU,8,chicken crowing,train
lhc_ibb1doo,30,chicken crowing,train
lq5lKea4_2Q,270,chicken crowing,train
lshjId9rfUw,10,chicken clucking,train
lt5H2iH9Ln8,120,chicken crowing,train
ltm3BMfwscA,10,chicken clucking,train
m-XFJpELn5U,0,chicken crowing,train
m-ftjmX6NmE,68,chicken crowing,train
m3dyY_KhTNE,90,chicken crowing,train
m5REmzwlmOE,70,chicken crowing,test
m9AITDE4Qhg,2,chicken crowing,train
m9dkwqofwc0,200,chicken crowing,train
mHFUxhgfU5E,20,chicken clucking,train
mRZ0AS5jIfc,59,chicken clucking,train
mRZ0AS5jIfc,72,chicken clucking,train
mT49XQjXEvY,0,chicken crowing,train
mXF8KjlCZXY,13,chicken clucking,train
mXF8KjlCZXY,24,chicken clucking,train
mYPhMhGhg_8,0,chicken clucking,train
mfwE6T9ufAg,30,chicken crowing,train
mh2LZDf6uDc,20,chicken crowing,train
miGeyN3kMFE,50,chicken clucking,train
mkBX7AIljsQ,80,chicken crowing,train
mnXNgsZXMdo,41,chicken clucking,train
moq0MdIY588,7,chicken clucking,train
moq0MdIY588,18,chicken clucking,train
mtj1tICxsY4,10,chicken crowing,train
mu0PngnrM90,30,chicken crowing,train
muxjFOPvR1I,320,chicken clucking,test
mz_geEM7Sq8,70,chicken crowing,train
n00LG_ggzIM,0,chicken crowing,train
n3k5GbpNt_A,300,chicken crowing,train
n5K-hizCl2M,70,chicken crowing,train
nDyvd-mV2UY,10,chicken clucking,train
nJQDaRXHqqg,10,chicken clucking,train
nOfBGvJA-es,60,chicken clucking,train
nTcGKRvqIbM,3,chicken clucking,test
nVlCv2x3d_o,70,chicken clucking,train
nVq6ROwhEYs,140,chicken clucking,train
nXtDXnIfkUk,200,chicken crowing,train
nedF_C5Yyhk,0,chicken clucking,train
ni57Ba3Lbis,10,chicken crowing,train
nprfpTcJLhI,30,chicken clucking,train
nq1rqz8Y33w,55,chicken clucking,train
nqQoVT5cEQM,8,chicken crowing,train
ntAz06E7Cec,10,chicken crowing,train
nvdvMYywMQk,4,chicken crowing,train
o0mwgYs717M,60,chicken crowing,train
o2KXSJqcOz0,100,chicken crowing,train
o7RYmdS5MZk,30,chicken crowing,train
o7bM8UZj1tA,54,chicken crowing,train
o7h9JrdbCc4,0,chicken crowing,train
oCdy8oUDGZk,0,chicken crowing,train
oErLcd_x0no,91,chicken crowing,train
oHwEPp6xZSw,80,chicken clucking,train
oJHAbrMnaWw,550,chicken crowing,train
oKy_3wq7u3Y,40,chicken crowing,train
oSQKO8KgZmk,30,chicken crowing,train
oZm1LHrZOzA,30,chicken clucking,train
oZvwG5SWmvg,50,chicken crowing,train
obCGM018rzA,12,chicken crowing,train
oezFFtXC10g,38,chicken crowing,train
olMGrvo3Wdo,6,chicken crowing,train
onu5WVubMBc,170,chicken crowing,train
oooQG9wllI0,59,chicken crowing,train
or7F1tu3xdQ,22,chicken clucking,train
or7F1tu3xdQ,33,chicken clucking,train
os3knBcCr2A,120,chicken clucking,train
ou0dlVHV0gU,320,chicken clucking,train
ovgVer3BKG4,40,chicken crowing,train
owPEQ8Vdow4,30,chicken crowing,train
ow_MR-0WzvY,60,chicken crowing,train
p-3fvEpCOLY,10,chicken clucking,train
p1X9ykbTfU0,30,chicken crowing,train
p4tUWovHc14,30,chicken crowing,train
p5omgu3ilxo,80,chicken clucking,train
p6f389gwTuQ,40,chicken clucking,train
pAYe3SoWQW4,3,chicken crowing,train
pUgCQ4wICKc,8,chicken clucking,test
pXQurhgdEkE,0,chicken crowing,train
pYtoOhFKO-E,110,chicken crowing,train
pbc1ZOguGuQ,80,chicken crowing,train
pberuNKJLL0,94,chicken crowing,train
peV6h1UnOPQ,0,chicken clucking,train
pf7vEiZAo3E,30,chicken clucking,train
phXPDjhaJTU,15,chicken crowing,train
pl4s6Fn4VII,130,chicken clucking,train
po6VH0YRq3I,40,chicken crowing,train
ppLHfMJ4LbE,100,chicken crowing,train
pv459ladDtQ,40,chicken clucking,train
pwobyl6wGo8,18,chicken crowing,train
q-CDpV9bFXE,74,chicken crowing,train
q74Zzmi8BRk,70,chicken crowing,train
q9-cNA4YGFg,120,chicken crowing,train
q9u2j-tBCus,20,chicken crowing,train
qAD4YTzVRPY,50,chicken crowing,train
qAakC_eoROI,42,chicken crowing,train
qB58Kvt_lR0,340,chicken crowing,train
qB9PG1QH4KU,150,chicken crowing,train
qH4K-Z8wLeI,42,chicken clucking,train
qH4K-Z8wLeI,66,chicken clucking,train
qNsa6-B3f_A,30,chicken crowing,train
qOlNSyysyuI,0,chicken crowing,train
qOlNSyysyuI,5,chicken crowing,train
qSBEx6H2rQ4,40,chicken clucking,train
qUZMHMVRElM,110,chicken crowing,train
qa-7lqo4dcQ,10,chicken crowing,train
qjgyClKLKaA,30,chicken crowing,train
qjgyClKLKaA,48,chicken crowing,train
qnR_fOGjTi8,40,chicken clucking,train
qnReS8jEzhg,8,chicken crowing,train
qrNCI310T9Y,18,chicken clucking,train
r2aJaB02E6U,35,chicken crowing,train
r2aJaB02E6U,111,chicken crowing,train
r3_yAj21Q6Y,450,chicken clucking,train
r9qtKvNtBc0,40,chicken crowing,train
rASnSkgUPMA,0,chicken crowing,train
rAbR3C9z8gQ,42,chicken crowing,train
rFHdm_1dY1w,0,chicken clucking,train
rFTjQMUtLTE,30,chicken crowing,train
rFeO7Azi1o4,70,chicken clucking,train
rGuzjgb5JVU,40,chicken crowing,train
rHj37q2mRvk,40,chicken clucking,train
rJJpprQ4e9g,20,chicken crowing,train
rMosQfdiJh8,22,chicken crowing,train
rO14B9nIQuE,27,chicken clucking,train
rT6CTP_8fTc,70,chicken clucking,train
rXtcHIvocZw,60,chicken crowing,train
rdXgCIKj71Q,20,chicken crowing,train
rdhRvpiGqwk,80,chicken crowing,train
rfRv1AoyRz4,50,chicken crowing,train
rf_FjH4TIgo,30,chicken crowing,train
rgqJFceVM2I,66,chicken clucking,test
ri7S5Qncubg,3,chicken crowing,train
ri7S5Qncubg,65,chicken crowing,train
riznQ-3rjts,60,chicken crowing,train
rkxPaXs2Pn8,24,chicken crowing,train
rm9Bwksyl_A,30,chicken crowing,train
rqOM9F2H5w0,0,chicken crowing,train
s3dNZuSe2u0,40,chicken crowing,train
s4GcGDSv4x4,17,chicken crowing,train
s5dmVmNyWyY,0,chicken clucking,train
s5dmVmNyWyY,18,chicken clucking,train
s6wAPP7cKAM,30,chicken crowing,train
s72GAhDSErE,16,chicken crowing,train
s72GAhDSErE,46,chicken crowing,train
sA3tOMH7PTk,40,chicken clucking,train
sFt6APYdRDo,150,chicken clucking,train
sNCCsVFc48s,2,chicken crowing,train
sXV460IA11I,100,chicken crowing,train
soO2iBO3BZg,240,chicken crowing,train
sofXB5-nlb8,80,chicken crowing,train
srwaCnoVr2o,50,chicken crowing,train
ssBxiFXQtlI,9,chicken clucking,train
swTJbojLJxw,60,chicken crowing,train
sx3mEMFomNw,0,chicken clucking,test
szH6FN2vJWE,189,chicken crowing,train
tJJSpr3-dYA,20,chicken crowing,train
tNyxJ760fRQ,280,chicken crowing,train
tPfDE96DLcM,160,chicken clucking,train
tPhXp7HbdI4,40,chicken crowing,train
tQd9tnArz30,60,chicken crowing,train
tQgdwnlVSic,40,chicken clucking,train
tRdr_AVTmSs,21,chicken crowing,train
tT743Cugltk,0,chicken crowing,train
taVKHcgqUew,1,chicken crowing,train
tkUxSPT6_D8,20,chicken crowing,train
tl1GLaYclaQ,0,chicken crowing,train
to5Ezlpp_F8,10,chicken crowing,train
tqZeqHXYSoU,140,chicken crowing,train
tsYfaR20jFQ,100,chicken crowing,train
tsaw9t1bE0k,90,chicken clucking,train
tum3KveLol0,30,chicken crowing,train
txQDzyxn8IE,0,chicken crowing,train
tyDjClR0EX4,34,chicken crowing,train
tyzD54G98kI,30,chicken crowing,train
u-__x3dDLSs,47,chicken clucking,test
u8bKZuHv-y0,54,chicken crowing,train
u9agByPTKMU,110,chicken crowing,train
uI7ni7zL8qU,2,chicken clucking,train
uI7ni7zL8qU,15,chicken clucking,train
uJhx-_8SQ1U,20,chicken crowing,train
uMQKjo60iDM,2,chicken clucking,train
uMQKjo60iDM,23,chicken clucking,train
uMfATF4ikt4,30,chicken clucking,train
uN8yl7Ey6uw,0,chicken crowing,train
uNf4Bd5istY,30,chicken crowing,train
uOAo8NcPxQE,0,chicken crowing,train
uO_FKfOSJ00,14,chicken crowing,train
uPhiZb-e7vI,30,chicken crowing,train
uVkUlRubRjM,0,chicken clucking,train
uVx0DPPj9HI,18,chicken crowing,train
uWRuDYAcgXc,40,chicken crowing,train
ubJvzPS82vs,0,chicken clucking,train
ubJvzPS82vs,11,chicken clucking,train
ucU0isKFAEs,39,chicken clucking,train
ucU0isKFAEs,50,chicken clucking,train
ugQT2GtwBfw,123,chicken crowing,train
umjA_vXCR9k,40,chicken clucking,train
uqX427VbwYY,2,chicken crowing,train
usGU6m6XzjI,3,chicken crowing,train
uweLmKmZlks,30,chicken crowing,train
v0c5su3knDg,60,chicken crowing,train
vFkj3DKYEcU,0,chicken crowing,train
vS5cYNOFeBs,12,chicken clucking,test
vS5cYNOFeBs,36,chicken clucking,test
vUui_D_rT9c,34,chicken clucking,test
vWfXDVEzNhM,19,chicken crowing,train
ve6dXtyxfFw,70,chicken crowing,train
vftyYr-lWGg,149,chicken crowing,train
vgSQlLNYdls,10,chicken crowing,train
vguLvQ6CKYc,9,chicken clucking,train
vguLvQ6CKYc,20,chicken clucking,train
vjveEit5YE4,120,chicken crowing,train
vp8M3cytmVU,10,chicken crowing,train
vqJhSaVb2F8,1,chicken crowing,train
vuTc6ERcVMM,20,chicken crowing,train
vvyS62bRvEs,40,chicken clucking,train
w106wjmW6iY,10,chicken crowing,train
w3aA5Fj_VYo,134,chicken crowing,train
wANyZhFtvvM,380,chicken clucking,train
wCDZp-u_ryA,0,chicken crowing,train
wDJYf4A1dBA,0,chicken crowing,train
wGHO-EojGQs,40,chicken crowing,train
wHY8C2eMucs,12,chicken crowing,train
wKamLy0WILA,10,chicken clucking,train
wM_sVal31Ag,110,chicken clucking,train
w_ev5f5JVU0,90,chicken crowing,train
wcxxL9rRhO0,50,chicken crowing,train
wdMQITa2iYA,0,chicken clucking,train
wdMQITa2iYA,43,chicken clucking,train
wjmBgNe9G7E,180,chicken crowing,train
wjmZ2Wi8l0E,350,chicken crowing,train
wmQbG_srGIQ,30,chicken crowing,train
wtBqWGj38rA,130,chicken crowing,train
wwRKltt-mXo,106,chicken crowing,train
x-lNkD1_rIs,16,chicken crowing,train
x512zsFN_Q0,20,chicken clucking,train
x76-gh2JVy8,241,chicken crowing,train
x76-gh2JVy8,474,chicken crowing,train
xJC6YmMtbVU,30,chicken clucking,train
xJhGnov-0o0,9,chicken crowing,train
xSwtjvgxN9k,350,chicken crowing,train
xU76UFY4vVc,20,chicken crowing,train
xVltxj8I5mI,84,chicken clucking,train
xVltxj8I5mI,112,chicken clucking,train
xXWmzPjvOPk,100,chicken crowing,train
xdk20vxBpz0,5,chicken crowing,train
xfy7rBdsvsY,210,chicken crowing,train
xjlEk7FUBSU,40,chicken crowing,train
xnOPgQ_bMiw,40,chicken crowing,train
xphhGpvYmv4,300,chicken crowing,train
xqN9wj_QgIA,30,chicken crowing,train
xvCZBjc8znE,0,chicken clucking,train
xvxbyB8bJME,80,chicken clucking,train
xz1tu14o_-w,30,chicken crowing,train
y1c5OBGuZas,110,chicken crowing,train
y3NZZETzVws,10,chicken clucking,test
y8qeUWOBN6U,109,chicken crowing,train
y9j2JDDvl8w,40,chicken clucking,train
yE6AQ5iufYY,100,chicken clucking,train
yFeQwInhjJo,60,chicken crowing,train
yGD-OoQBQGw,80,chicken crowing,train
yLblP-GhgIo,25,chicken clucking,train
yN63Li21kRw,0,chicken clucking,train
yPEYjkjBTGs,20,chicken crowing,train
yVJO5mHHi5g,4,chicken crowing,train
y_93B5vfMec,0,chicken clucking,train
y_93B5vfMec,46,chicken clucking,train
y_UV2FCgSSo,280,chicken crowing,train
yaitDa1ucuU,132,chicken crowing,train
yjEOk3SPujg,30,chicken clucking,train
yjqP9FV8Xoo,5,chicken clucking,train
yjqP9FV8Xoo,51,chicken clucking,train
ykr3HGPai0g,170,chicken clucking,train
yrR1BqlPGrw,18,chicken clucking,train
ysNU0GZPT-Y,30,chicken clucking,train
yupEB41VWRM,50,chicken clucking,train
yvNxhlHVI2w,57,chicken crowing,train
yvNxhlHVI2w,95,chicken crowing,train
yxJph0FM4KY,0,chicken crowing,train
yyPssEHCRt8,29,chicken crowing,train
yyw8JlqSRXk,0,chicken crowing,train
z1vabCoRtXE,320,chicken clucking,train
z97XZ17Op1E,20,chicken crowing,train
zAqZUwX-gcg,150,chicken clucking,train
zBeMgfK69C8,26,chicken crowing,train
zBeMgfK69C8,30,chicken crowing,train
zFYNSRgDaHA,160,chicken clucking,train
zRNhs45jJz0,4,chicken clucking,train
zRNhs45jJz0,44,chicken clucking,train
zSAQ6h1dtQQ,40,chicken clucking,train
zSD4hRH2LVs,34,chicken clucking,train
zU9tiI3sEFg,290,chicken crowing,train
zYUgaGdL8rQ,3,chicken clucking,train
zcw9jAAx-jI,40,chicken crowing,train
zfpQiE-rncs,163,chicken crowing,train
ziGhfwnsycw,10,chicken clucking,train
zj161QXIMKY,100,chicken crowing,train
zoXBvX1mMno,37,chicken crowing,train
zqZnr-89BeU,20,chicken crowing,train
zrL3bAWDOp0,10,chicken clucking,train
zra3SOgAsyg,31,chicken clucking,test
zrcIjN0l7CQ,430,chicken clucking,train
zrfapKLZwAU,30,chicken crowing,train
zvwsYSlQv-E,60,chicken clucking,train
zwLYKvR4ZI0,20,chicken crowing,train
zzvSVusPPgM,30,chicken clucking,train